"model","term","HR","lo","hi","p"
"M4 +travel","dens_num",1.11,1.01,1.23,0.032
"M4 +travel","rest2+ days",1.1,0.97,1.24,0.16
"M4 +travel","restB2B",0.94,0.82,1.08,0.36
"M4 +travel","awayTRUE",1.08,0.98,1.19,0.14
"M4 +travel","role10",1.17,1.06,1.29,0.0011
"M4 +travel","km7_1000",1,0.97,1.03,0.85
"M4 +travel","tzEast",0.95,0.83,1.08,0.42
"M4 +travel","tzWest",1.12,0.99,1.28,0.075
"S3 confirmed injuries","dens_num",1.06,0.89,1.26,0.49
"S3 confirmed injuries","rest2+ days",0.89,0.69,1.14,0.34
"S3 confirmed injuries","restB2B",0.74,0.57,0.98,0.034
"S3 confirmed injuries","awayTRUE",1.09,0.93,1.29,0.29
"S3 confirmed injuries","role10",1.24,1.05,1.46,0.012
